{
  "cut-3": [
    {
      "origin": {
        "x": 0.5,
        "y": 0.5
      },
      "shape": [-51, 52, -79, 40, 12, 15, 1, 39]
    }
  ],
  "cut-4": [
    {
      "origin": {
        "x": 0.5,
        "y": 0.5
      },
      "shape": [-2, -17, 27, -20, 39, -6, 36, 13, -12, 46, -72, 46]
    }
  ],
  "cut-5": [
    {
      "origin": {
        "x": 0.473,
        "y": 0.5
      },
      "shape": [
        14.076000000000008, 29, -26.923999999999992, 49, -66.92399999999999, 50,
        -13.923999999999992, -16, 9.076000000000008, -19, 33.07600000000001, -3
      ]
    }
  ],
  "cut-6": [
    {
      "origin": {
        "x": 0.473,
        "y": 0.5
      },
      "shape": [
        5.076000000000008, -19, 39.07600000000001, -7, 22.076000000000008, 31,
        -6.923999999999992, 44, -40.92399999999999, 0
      ]
    }
  ]
}
